{
    "paths": [
        {
            "name": "/notification",
            "lambdaFunction": "notification",
            "privacy": {
                "open": true
            },
            "policyResourceName": "/notification"
        }
    ],
    "resourceName": "notification",
    "apiName": "notification",
    "functionArns": [
        {
            "lambdaFunction": "notification"
        }
    ],
    "privacy": {
        "auth": 0,
        "unauth": 0,
        "authRoleName": "amplify-ezzyapp-dev-150319-authRole",
        "unAuthRoleName": "amplify-ezzyapp-dev-150319-unauthRole"
    },
    "dependsOn": [
        {
            "category": "function",
            "resourceName": "notification",
            "attributes": [
                "Name",
                "Arn"
            ]
        }
    ]
}