{
    "identityPoolName": "ezzyappotpauth",
    "allowUnauthenticatedIdentities": false,
    "resourceNameTruncated": "ezzyapd33bafca",
    "userPoolName": "ezzyappotpauth",
    "autoVerifiedAttributes": [
        "phone_number"
    ],
    "mfaConfiguration": "OFF",
    "mfaTypes": [
        "SMS Text Message"
    ],
    "smsAuthenticationMessage": "Your authentication code is {####}",
    "smsVerificationMessage": "Your verification code is {####}",
    "emailVerificationSubject": "Your verification code",
    "emailVerificationMessage": "Your verification code is {####}",
    "defaultPasswordPolicy": false,
    "passwordPolicyMinLength": 8,
    "passwordPolicyCharacters": [],
    "requiredAttributes": [
        "phone_number"
    ],
    "userpoolClientGenerateSecret": false,
    "userpoolClientRefreshTokenValidity": "365",
    "userpoolClientWriteAttributes": [
        "address",
        "email",
        "picture",
        "profile",
        "phone_number"
    ],
    "userpoolClientReadAttributes": [
        "address",
        "email",
        "phone_number",
        "profile"
    ],
    "userpoolClientLambdaRole": "ezzyapd33bafca_userpoolclient_lambda_role",
    "userpoolClientSetAttributes": true,
    "sharedId": "d33bafca",
    "resourceName": "ezzyappotpauth",
    "authSelections": "identityPoolAndUserPool",
    "authRoleArn": {
        "Fn::GetAtt": [
            "AuthRole",
            "Arn"
        ]
    },
    "unauthRoleArn": {
        "Fn::GetAtt": [
            "UnauthRole",
            "Arn"
        ]
    },
    "useDefault": "manual",
    "thirdPartyAuth": false,
    "userPoolGroups": false,
    "adminQueries": false,
    "triggers": "{\n  \"CreateAuthChallenge\": [\n    \"boilerplate-create-challenge\"\n  ],\n  \"DefineAuthChallenge\": [\n    \"boilerplate-define-challenge\"\n  ],\n  \"PreSignup\": [\n    \"custom\"\n  ],\n  \"VerifyAuthChallengeResponse\": [\n    \"boilerplate-verify\"\n  ]\n}",
    "hostedUI": false,
    "userPoolGroupList": [],
    "serviceName": "Cognito",
    "usernameCaseSensitive": false,
    "parentStack": {
        "Ref": "AWS::StackId"
    },
    "permissions": [],
    "dependsOn": [
        {
            "category": "function",
            "resourceName": "ezzyappotpauthCreateAuthChallenge",
            "triggerProvider": "Cognito",
            "attributes": [
                "Arn",
                "Name"
            ]
        },
        {
            "category": "function",
            "resourceName": "ezzyappotpauthDefineAuthChallenge",
            "triggerProvider": "Cognito",
            "attributes": [
                "Arn",
                "Name"
            ]
        },
        {
            "category": "function",
            "resourceName": "ezzyappotpauthPreSignup",
            "triggerProvider": "Cognito",
            "attributes": [
                "Arn",
                "Name"
            ]
        },
        {
            "category": "function",
            "resourceName": "ezzyappotpauthVerifyAuthChallengeResponse",
            "triggerProvider": "Cognito",
            "attributes": [
                "Arn",
                "Name"
            ]
        }
    ],
    "authProviders": []
}