{
  "features": {
    "graphqltransformer": {
      "addmissingownerfields": true,
      "validatetypenamereservedwords": true,
      "useexperimentalpipelinedtransformer": false,
      "enableiterativegsiupdates": false,
      "secondarykeyasgsi": true
    },
    "frontend-ios": {
      "enablexcodeintegration": true
    },
    "auth": {
      "enablecaseinsensitivity": true
    },
    "codegen": {
      "useappsyncmodelgenplugin": true
    },
    "appsync": {
      "generategraphqlpermissions": true
    }
  }
}
