{
  "providers": {
    "awscloudformation": {
      "AuthRoleName": "amplify-ezzyapp-dev-150319-authRole",
      "UnauthRoleArn": "arn:aws:iam::751358124046:role/amplify-ezzyapp-dev-150319-unauthRole",
      "AuthRoleArn": "arn:aws:iam::751358124046:role/amplify-ezzyapp-dev-150319-authRole",
      "Region": "us-east-1",
      "DeploymentBucketName": "amplify-ezzyapp-dev-150319-deployment",
      "UnauthRoleName": "amplify-ezzyapp-dev-150319-unauthRole",
      "StackName": "amplify-ezzyapp-dev-150319",
      "StackId": "arn:aws:cloudformation:us-east-1:751358124046:stack/amplify-ezzyapp-dev-150319/af83bcc0-80be-11eb-abf8-0a2fadfa68a5",
      "AmplifyAppId": "d2k5gepurcwdnd"
    }
  },
  "auth": {
    "ezzyappotpauth": {
      "service": "Cognito",
      "providerPlugin": "awscloudformation",
      "dependsOn": [
        {
          "category": "function",
          "resourceName": "ezzyappotpauthCreateAuthChallenge",
          "triggerProvider": "Cognito",
          "attributes": [
            "Arn",
            "Name"
          ]
        },
        {
          "category": "function",
          "resourceName": "ezzyappotpauthDefineAuthChallenge",
          "triggerProvider": "Cognito",
          "attributes": [
            "Arn",
            "Name"
          ]
        },
        {
          "category": "function",
          "resourceName": "ezzyappotpauthPreSignup",
          "triggerProvider": "Cognito",
          "attributes": [
            "Arn",
            "Name"
          ]
        },
        {
          "category": "function",
          "resourceName": "ezzyappotpauthVerifyAuthChallengeResponse",
          "triggerProvider": "Cognito",
          "attributes": [
            "Arn",
            "Name"
          ]
        }
      ],
      "customAuth": true,
      "output": {
        "UserPoolId": "us-east-1_W873WY8c8",
        "AppClientIDWeb": "7ob9eekg6ceq60rc2cgcnr36lg",
        "AppClientID": "2os7eccmju133jus0vsp7e77kh",
        "IdentityPoolId": "us-east-1:20a6715a-7a1e-4b04-a339-fce22a4ef8ed",
        "IdentityPoolName": "ezzyappotpauth__dev",
        "UserPoolName": "ezzyappotpauth"
      },
      "lastPushTimeStamp": "2021-05-06T03:25:30.098Z",
      "providerMetadata": {
        "s3TemplateURL": "https://s3.amazonaws.com/amplify-ezzyapp-dev-150319-deployment/amplify-cfn-templates/auth/ezzyappotpauth-cloudformation-template.yml",
        "logicalId": "authezzyappotpauth"
      },
      "lastPushDirHash": "LBj6H9BIgoNt8geD9hhF9q6F4Ns="
    }
  },
  "api": {
    "ezzyapprest": {
      "service": "API Gateway",
      "providerPlugin": "awscloudformation",
      "dependsOn": [
        {
          "category": "function",
          "resourceName": "inviteSp",
          "attributes": [
            "Name",
            "Arn"
          ]
        }
      ],
      "output": {
        "ApiName": "ezzyapprest",
        "RootUrl": "https://ngog3sw681.execute-api.us-east-1.amazonaws.com/dev",
        "ApiId": "ngog3sw681"
      },
      "lastPushTimeStamp": "2021-05-06T03:25:30.100Z",
      "providerMetadata": {
        "s3TemplateURL": "https://s3.amazonaws.com/amplify-ezzyapp-prod-100652-deployment/amplify-cfn-templates/api/ezzyapprest-cloudformation-template.json",
        "logicalId": "apiezzyapprest"
      }
    },
    "ezzyapp": {
      "service": "AppSync",
      "providerPlugin": "awscloudformation",
      "output": {
        "authConfig": {
          "defaultAuthentication": {
            "authenticationType": "API_KEY",
            "apiKeyConfig": {
              "apiKeyExpirationDays": 365,
              "description": ""
            }
          },
          "additionalAuthenticationProviders": []
        },
        "GraphQLAPIIdOutput": "gjfjnd57rreh3epwfmrrtjfgba",
        "GraphQLAPIEndpointOutput": "https://grog54viz5behgghaiasc2a2ea.appsync-api.us-east-1.amazonaws.com/graphql",
        "GraphQLAPIKeyOutput": "da2-nbwqmer4yvakdgonsyxvy3mjwi"
      },
      "lastPushTimeStamp": "2021-05-06T03:25:30.103Z",
      "providerMetadata": {
        "s3TemplateURL": "https://s3.amazonaws.com/amplify-ezzyapp-dev-150319-deployment/amplify-cfn-templates/api/cloudformation-template.json",
        "logicalId": "apiezzyapp"
      },
      "lastPushDirHash": "MKHYr1SFCmxTACk9m4EsD7DFBO4="
    },
    "payment": {
      "service": "API Gateway",
      "providerPlugin": "awscloudformation",
      "dependsOn": [
        {
          "category": "function",
          "resourceName": "payment",
          "attributes": [
            "Name",
            "Arn"
          ]
        }
      ],
      "output": {
        "ApiName": "payment",
        "RootUrl": "https://h1lvppkke1.execute-api.us-east-1.amazonaws.com/dev",
        "ApiId": "h1lvppkke1"
      },
      "lastPushTimeStamp": "2021-05-06T03:25:30.105Z",
      "providerMetadata": {
        "s3TemplateURL": "https://s3.amazonaws.com/amplify-ezzyapp-dev-150319-deployment/amplify-cfn-templates/api/payment-cloudformation-template.json",
        "logicalId": "apipayment"
      }
    },
    "notification": {
      "service": "API Gateway",
      "providerPlugin": "awscloudformation",
      "dependsOn": [
        {
          "category": "function",
          "resourceName": "notification",
          "attributes": [
            "Name",
            "Arn"
          ]
        }
      ],
      "output": {
        "ApiName": "notification",
        "RootUrl": "https://9jsjntg3nd.execute-api.us-east-1.amazonaws.com/dev",
        "ApiId": "9jsjntg3nd"
      },
      "lastPushTimeStamp": "2021-05-06T03:25:30.107Z",
      "providerMetadata": {
        "s3TemplateURL": "https://s3.amazonaws.com/amplify-ezzyapp-dev-150319-deployment/amplify-cfn-templates/api/notification-cloudformation-template.json",
        "logicalId": "apinotification"
      }
    },
    "import": {
      "service": "API Gateway",
      "providerPlugin": "awscloudformation",
      "dependsOn": [
        {
          "category": "function",
          "resourceName": "import",
          "attributes": [
            "Name",
            "Arn"
          ]
        }
      ],
      "providerMetadata": {
        "s3TemplateURL": "https://s3.amazonaws.com/amplify-ezzyapp-dev-150319-deployment/amplify-cfn-templates/api/import-cloudformation-template.json",
        "logicalId": "apiimport"
      },
      "lastPushTimeStamp": "2021-05-06T03:25:30.109Z",
      "output": {
        "ApiName": "import",
        "RootUrl": "https://sqk2g1muyf.execute-api.us-east-1.amazonaws.com/dev",
        "ApiId": "sqk2g1muyf"
      },
      "lastPushDirHash": "mGAFvwcP7n0VoshU9Y1uSd4/UDk="
    }
  },
  "function": {
    "inviteSp": {
      "build": true,
      "providerPlugin": "awscloudformation",
      "service": "Lambda",
      "output": {
        "Region": "us-east-1",
        "Arn": "arn:aws:lambda:us-east-1:751358124046:function:inviteSp-dev",
        "Name": "inviteSp-dev",
        "LambdaExecutionRole": "ezzyappLambdaRole18ee8545-dev"
      },
      "lastPushTimeStamp": "2021-05-06T03:25:30.111Z",
      "providerMetadata": {
        "s3TemplateURL": "https://s3.amazonaws.com/amplify-ezzyapp-dev-150319-deployment/amplify-cfn-templates/function/inviteSp-cloudformation-template.json",
        "logicalId": "functioninviteSp"
      },
      "s3Bucket": {
        "deploymentBucketName": "amplify-ezzyapp-dev-150319-deployment",
        "s3Key": "amplify-builds/inviteSp-46342f5832586f616647-build.zip"
      }
    },
    "userToDB": {
      "build": true,
      "providerPlugin": "awscloudformation",
      "service": "Lambda",
      "dependsOn": [
        {
          "category": "api",
          "resourceName": "ezzyapp",
          "attributes": [
            "GraphQLAPIIdOutput"
          ]
        }
      ],
      "output": {
        "Region": "us-east-1",
        "Arn": "arn:aws:lambda:us-east-1:751358124046:function:userToDB-dev",
        "Name": "userToDB-dev",
        "LambdaExecutionRole": "ezzyappLambdaRole104a1376-dev"
      },
      "lastPushTimeStamp": "2021-05-06T03:25:30.112Z",
      "providerMetadata": {
        "s3TemplateURL": "https://s3.amazonaws.com/amplify-ezzyapp-dev-150319-deployment/amplify-cfn-templates/function/userToDB-cloudformation-template.json",
        "logicalId": "functionuserToDB"
      },
      "s3Bucket": {
        "deploymentBucketName": "amplify-ezzyapp-dev-150319-deployment",
        "s3Key": "amplify-builds/userToDB-2f774e43316a396a3778-build.zip"
      }
    },
    "ezzyappotpauthCreateAuthChallenge": {
      "build": true,
      "providerPlugin": "awscloudformation",
      "service": "Lambda",
      "output": {
        "Region": "us-east-1",
        "Arn": "arn:aws:lambda:us-east-1:751358124046:function:ezzyappotpauthCreateAuthChallenge-dev",
        "Name": "ezzyappotpauthCreateAuthChallenge-dev",
        "LambdaExecutionRole": "ezzyappotpauthCreateAuthChallenge-dev"
      },
      "lastPushTimeStamp": "2021-05-06T03:25:30.114Z",
      "providerMetadata": {
        "s3TemplateURL": "https://s3.amazonaws.com/amplify-ezzyapp-dev-150319-deployment/amplify-cfn-templates/function/ezzyappotpauthCreateAuthChallenge-cloudformation-template.json",
        "logicalId": "functionezzyappotpauthCreateAuthChallenge"
      },
      "s3Bucket": {
        "deploymentBucketName": "amplify-ezzyapp-dev-150319-deployment",
        "s3Key": "amplify-builds/ezzyappotpauthCreateAuthChallenge-49425974644c33567277-build.zip"
      }
    },
    "ezzyappotpauthDefineAuthChallenge": {
      "build": true,
      "providerPlugin": "awscloudformation",
      "service": "Lambda",
      "output": {
        "Region": "us-east-1",
        "Arn": "arn:aws:lambda:us-east-1:751358124046:function:ezzyappotpauthDefineAuthChallenge-dev",
        "Name": "ezzyappotpauthDefineAuthChallenge-dev",
        "LambdaExecutionRole": "ezzyappotpauthDefineAuthChallenge-dev"
      },
      "lastPushTimeStamp": "2021-05-06T03:25:30.116Z",
      "providerMetadata": {
        "s3TemplateURL": "https://s3.amazonaws.com/amplify-ezzyapp-dev-150319-deployment/amplify-cfn-templates/function/ezzyappotpauthDefineAuthChallenge-cloudformation-template.json",
        "logicalId": "functionezzyappotpauthDefineAuthChallenge"
      },
      "s3Bucket": {
        "deploymentBucketName": "amplify-ezzyapp-dev-150319-deployment",
        "s3Key": "amplify-builds/ezzyappotpauthDefineAuthChallenge-727a7131556847533664-build.zip"
      }
    },
    "ezzyappotpauthPreSignup": {
      "build": true,
      "providerPlugin": "awscloudformation",
      "service": "Lambda",
      "output": {
        "Region": "us-east-1",
        "Arn": "arn:aws:lambda:us-east-1:751358124046:function:ezzyappotpauthPreSignup-dev",
        "Name": "ezzyappotpauthPreSignup-dev",
        "LambdaExecutionRole": "ezzyappotpauthPreSignup-dev"
      },
      "lastPushTimeStamp": "2021-05-06T03:25:30.117Z",
      "providerMetadata": {
        "s3TemplateURL": "https://s3.amazonaws.com/amplify-ezzyapp-dev-150319-deployment/amplify-cfn-templates/function/ezzyappotpauthPreSignup-cloudformation-template.json",
        "logicalId": "functionezzyappotpauthPreSignup"
      },
      "s3Bucket": {
        "deploymentBucketName": "amplify-ezzyapp-dev-150319-deployment",
        "s3Key": "amplify-builds/ezzyappotpauthPreSignup-6865514e5853416b4c5a-build.zip"
      }
    },
    "ezzyappotpauthVerifyAuthChallengeResponse": {
      "build": true,
      "providerPlugin": "awscloudformation",
      "service": "Lambda",
      "output": {
        "Region": "us-east-1",
        "Arn": "arn:aws:lambda:us-east-1:751358124046:function:ezzyappotpauthVerifyAuthChallengeResponse-dev",
        "Name": "ezzyappotpauthVerifyAuthChallengeResponse-dev",
        "LambdaExecutionRole": "ezzyappotpauthVerifyAuthChallengeResponse-dev"
      },
      "lastPushTimeStamp": "2021-05-06T03:25:30.119Z",
      "providerMetadata": {
        "s3TemplateURL": "https://s3.amazonaws.com/amplify-ezzyapp-dev-150319-deployment/amplify-cfn-templates/function/ezzyappotpauthVerifyAuthChallengeResponse-cloudformation-template.json",
        "logicalId": "functionezzyappotpauthVerifyAuthChallengeResponse"
      },
      "s3Bucket": {
        "deploymentBucketName": "amplify-ezzyapp-dev-150319-deployment",
        "s3Key": "amplify-builds/ezzyappotpauthVerifyAuthChallengeResponse-61675450676951737652-build.zip"
      }
    },
    "payment": {
      "build": true,
      "providerPlugin": "awscloudformation",
      "service": "Lambda",
      "output": {
        "Region": "us-east-1",
        "Arn": "arn:aws:lambda:us-east-1:751358124046:function:payment-dev",
        "Name": "payment-dev",
        "LambdaExecutionRole": "ezzyappLambdaRolef0cce672-dev"
      },
      "lastPushTimeStamp": "2021-05-06T03:25:30.120Z",
      "providerMetadata": {
        "s3TemplateURL": "https://s3.amazonaws.com/amplify-ezzyapp-dev-150319-deployment/amplify-cfn-templates/function/payment-cloudformation-template.json",
        "logicalId": "functionpayment"
      },
      "s3Bucket": {
        "deploymentBucketName": "amplify-ezzyapp-dev-150319-deployment",
        "s3Key": "amplify-builds/payment-36504477573664426870-build.zip"
      }
    },
    "notification": {
      "build": true,
      "providerPlugin": "awscloudformation",
      "service": "Lambda",
      "output": {
        "Region": "us-east-1",
        "Arn": "arn:aws:lambda:us-east-1:751358124046:function:notification-dev",
        "Name": "notification-dev",
        "LambdaExecutionRole": "ezzyappLambdaRole4f0d3a5b-dev"
      },
      "lastPushTimeStamp": "2021-05-06T03:25:30.128Z",
      "providerMetadata": {
        "s3TemplateURL": "https://s3.amazonaws.com/amplify-ezzyapp-dev-150319-deployment/amplify-cfn-templates/function/notification-cloudformation-template.json",
        "logicalId": "functionnotification"
      },
      "s3Bucket": {
        "deploymentBucketName": "amplify-ezzyapp-dev-150319-deployment",
        "s3Key": "amplify-builds/notification-75613548387177494646-build.zip"
      },
      "lastBuildTimeStamp": "2021-05-06T03:24:06.489Z",
      "lastPackageTimeStamp": "2021-05-06T03:24:07.121Z",
      "distZipFilename": "notification-75613548387177494646-build.zip",
      "lastPushDirHash": "xwlnuxiZUL3UI9A4o9G6YhHrrOs="
    },
    "import": {
      "build": true,
      "providerPlugin": "awscloudformation",
      "service": "Lambda",
      "lastBuildTimeStamp": "2021-05-05T07:55:46.096Z",
      "lastPackageTimeStamp": "2021-05-05T07:55:46.682Z",
      "distZipFilename": "import-666641797a5536677331-build.zip",
      "s3Bucket": {
        "deploymentBucketName": "amplify-ezzyapp-dev-150319-deployment",
        "s3Key": "amplify-builds/import-666641797a5536677331-build.zip"
      },
      "providerMetadata": {
        "s3TemplateURL": "https://s3.amazonaws.com/amplify-ezzyapp-dev-150319-deployment/amplify-cfn-templates/function/import-cloudformation-template.json",
        "logicalId": "functionimport"
      },
      "lastPushTimeStamp": "2021-05-06T03:25:30.123Z",
      "output": {
        "Region": "us-east-1",
        "Arn": "arn:aws:lambda:us-east-1:751358124046:function:import-dev",
        "Name": "import-dev",
        "LambdaExecutionRole": "ezzyappLambdaRoleed851981-dev"
      },
      "lastPushDirHash": "7FLzjkwHyzEJT5Xn0rEfugzq054="
    }
  },
  "storage": {
    "profile": {
      "service": "S3",
      "providerPlugin": "awscloudformation",
      "output": {
        "BucketName": "profile-bucket150319-dev",
        "Region": "us-east-1"
      },
      "lastPushTimeStamp": "2021-05-06T03:25:30.124Z",
      "providerMetadata": {
        "s3TemplateURL": "https://s3.amazonaws.com/amplify-ezzyapp-prod-100652-deployment/amplify-cfn-templates/storage/s3-cloudformation-template.json",
        "logicalId": "storageprofile"
      }
    }
  }
}