{
  "auth": {
    "ezzyappotpauth": {
      "service": "Cognito",
      "providerPlugin": "awscloudformation",
      "dependsOn": [
        {
          "category": "function",
          "resourceName": "ezzyappotpauthCreateAuthChallenge",
          "triggerProvider": "Cognito",
          "attributes": [
            "Arn",
            "Name"
          ]
        },
        {
          "category": "function",
          "resourceName": "ezzyappotpauthDefineAuthChallenge",
          "triggerProvider": "Cognito",
          "attributes": [
            "Arn",
            "Name"
          ]
        },
        {
          "category": "function",
          "resourceName": "ezzyappotpauthPreSignup",
          "triggerProvider": "Cognito",
          "attributes": [
            "Arn",
            "Name"
          ]
        },
        {
          "category": "function",
          "resourceName": "ezzyappotpauthVerifyAuthChallengeResponse",
          "triggerProvider": "Cognito",
          "attributes": [
            "Arn",
            "Name"
          ]
        }
      ],
      "customAuth": true
    }
  },
  "api": {
    "ezzyapprest": {
      "service": "API Gateway",
      "providerPlugin": "awscloudformation",
      "dependsOn": [
        {
          "category": "function",
          "resourceName": "inviteSp",
          "attributes": [
            "Name",
            "Arn"
          ]
        }
      ]
    },
    "ezzyapp": {
      "service": "AppSync",
      "providerPlugin": "awscloudformation",
      "output": {
        "authConfig": {
          "defaultAuthentication": {
            "authenticationType": "API_KEY",
            "apiKeyConfig": {
              "apiKeyExpirationDays": 365,
              "description": ""
            }
          },
          "additionalAuthenticationProviders": []
        }
      }
    },
    "payment": {
      "service": "API Gateway",
      "providerPlugin": "awscloudformation",
      "dependsOn": [
        {
          "category": "function",
          "resourceName": "payment",
          "attributes": [
            "Name",
            "Arn"
          ]
        }
      ]
    },
    "notification": {
      "service": "API Gateway",
      "providerPlugin": "awscloudformation",
      "dependsOn": [
        {
          "category": "function",
          "resourceName": "notification",
          "attributes": [
            "Name",
            "Arn"
          ]
        }
      ]
    },
    "import": {
      "service": "API Gateway",
      "providerPlugin": "awscloudformation",
      "dependsOn": [
        {
          "category": "function",
          "resourceName": "import",
          "attributes": [
            "Name",
            "Arn"
          ]
        }
      ]
    }
  },
  "function": {
    "inviteSp": {
      "build": true,
      "providerPlugin": "awscloudformation",
      "service": "Lambda"
    },
    "userToDB": {
      "build": true,
      "providerPlugin": "awscloudformation",
      "service": "Lambda",
      "dependsOn": [
        {
          "category": "api",
          "resourceName": "ezzyapp",
          "attributes": [
            "GraphQLAPIIdOutput"
          ]
        }
      ]
    },
    "ezzyappotpauthCreateAuthChallenge": {
      "build": true,
      "providerPlugin": "awscloudformation",
      "service": "Lambda"
    },
    "ezzyappotpauthDefineAuthChallenge": {
      "build": true,
      "providerPlugin": "awscloudformation",
      "service": "Lambda"
    },
    "ezzyappotpauthPreSignup": {
      "build": true,
      "providerPlugin": "awscloudformation",
      "service": "Lambda"
    },
    "ezzyappotpauthVerifyAuthChallengeResponse": {
      "build": true,
      "providerPlugin": "awscloudformation",
      "service": "Lambda"
    },
    "payment": {
      "build": true,
      "providerPlugin": "awscloudformation",
      "service": "Lambda"
    },
    "notification": {
      "build": true,
      "providerPlugin": "awscloudformation",
      "service": "Lambda"
    },
    "import": {
      "build": true,
      "providerPlugin": "awscloudformation",
      "service": "Lambda"
    }
  },
  "storage": {
    "profile": {
      "service": "S3",
      "providerPlugin": "awscloudformation"
    }
  }
}