{
  "trigger": true,
  "modules": [
    "boilerplate-create-challenge"
  ],
  "parentResource": "ezzyappotpauth",
  "functionName": "ezzyappotpauthCreateAuthChallenge",
  "resourceName": "ezzyappotpauthCreateAuthChallenge",
  "parentStack": "auth",
  "triggerEnvs": "[]",
  "triggerDir": "/usr/lib/node_modules/@aws-amplify/cli/node_modules/amplify-category-auth/provider-utils/awscloudformation/triggers/CreateAuthChallenge",
  "triggerTemplate": "CreateAuthChallenge.json.ejs",
  "triggerEventPath": "CreateAuthChallenge.event.json",
  "roleName": "ezzyappotpauthCreateAuthChallenge",
  "skipEdit": true,
  "CHALLENGEANSWER": "",
  "enableCors": false
}