{
  "trigger": true,
  "modules": [
    "boilerplate-define-challenge"
  ],
  "parentResource": "ezzyappotpauth",
  "functionName": "ezzyappotpauthDefineAuthChallenge",
  "resourceName": "ezzyappotpauthDefineAuthChallenge",
  "parentStack": "auth",
  "triggerEnvs": "[]",
  "triggerDir": "/usr/lib/node_modules/@aws-amplify/cli/node_modules/amplify-category-auth/provider-utils/awscloudformation/triggers/DefineAuthChallenge",
  "triggerTemplate": "DefineAuthChallenge.json.ejs",
  "triggerEventPath": "DefineAuthChallenge.event.json",
  "roleName": "ezzyappotpauthDefineAuthChallenge",
  "skipEdit": true,
  "enableCors": false
}