{
    "paths": [
        {
            "name": "/invite",
            "lambdaFunction": "inviteSp",
            "privacy": {
                "private": true,
                "auth": [
                    "/POST",
                    "/GET"
                ]
            },
            "policyResourceName": "/invite"
        }
    ],
    "resourceName": "ezzyapprest",
    "apiName": "ezzyapprest",
    "functionArns": [
        {
            "lambdaFunction": "inviteSp"
        }
    ],
    "privacy": {
        "auth": 1,
        "unauth": 0,
        "authRoleName": "amplify-ezzyapp-dev-150319-authRole",
        "unAuthRoleName": "amplify-ezzyapp-dev-150319-unauthRole"
    },
    "dependsOn": [
        {
            "category": "function",
            "resourceName": "inviteSp",
            "attributes": [
                "Name",
                "Arn"
            ]
        }
    ]
}