{
  "trigger": true,
  "modules": [
    "boilerplate-verify"
  ],
  "parentResource": "ezzyappotpauth",
  "functionName": "ezzyappotpauthVerifyAuthChallengeResponse",
  "resourceName": "ezzyappotpauthVerifyAuthChallengeResponse",
  "parentStack": "auth",
  "triggerEnvs": "[]",
  "triggerDir": "/usr/lib/node_modules/@aws-amplify/cli/node_modules/amplify-category-auth/provider-utils/awscloudformation/triggers/VerifyAuthChallengeResponse",
  "triggerTemplate": "VerifyAuthChallengeResponse.json.ejs",
  "triggerEventPath": "VerifyAuthChallengeResponse.event.json",
  "roleName": "ezzyappotpauthVerifyAuthChallengeResponse",
  "skipEdit": true,
  "enableCors": false
}