{
    "paths": [
        {
            "name": "/payment",
            "lambdaFunction": "payment",
            "privacy": {
                "private": true,
                "auth": [
                    "/POST",
                    "/GET",
                    "/PUT",
                    "/PATCH",
                    "/DELETE"
                ]
            },
            "policyResourceName": "/payment"
        }
    ],
    "resourceName": "payment",
    "apiName": "payment",
    "functionArns": [
        {
            "lambdaFunction": "payment"
        }
    ],
    "privacy": {
        "auth": 1,
        "unauth": 0,
        "authRoleName": "amplify-ezzyapp-dev-150319-authRole",
        "unAuthRoleName": "amplify-ezzyapp-dev-150319-unauthRole"
    },
    "dependsOn": [
        {
            "category": "function",
            "resourceName": "payment",
            "attributes": [
                "Name",
                "Arn"
            ]
        }
    ]
}