{
  "trigger": true,
  "modules": [
    "custom"
  ],
  "parentResource": "ezzyappotpauth",
  "functionName": "ezzyappotpauthPreSignup",
  "resourceName": "ezzyappotpauthPreSignup",
  "parentStack": "auth",
  "triggerEnvs": "[]",
  "triggerDir": "/usr/lib/node_modules/@aws-amplify/cli/node_modules/amplify-category-auth/provider-utils/awscloudformation/triggers/PreSignup",
  "triggerTemplate": "PreSignup.json.ejs",
  "triggerEventPath": "PreSignup.event.json",
  "roleName": "ezzyappotpauthPreSignup",
  "skipEdit": true,
  "enableCors": false
}